{
    "now": "2025-07-29T06:53:26.884Z",
    "perfNow": 221157007.29999998,
    "diagnosticCorrelation": "5252ba0e-3427-4cf8-bd45-1926a494828d",
    "source": "DownloadSupportFiles",
    "environment": {
        "productName": "adf",
        "buildVersion": "1.0.071425.1",
        "environmentType": 3,
        "resourceName": "adf-cars-srj",
        "resourceRegion": "uksouth",
        "resourceGroup": "RG_Azure_Car_Project",
        "subscriptionId": "109e2f1f-9ff6-4525-b125-d0d7fc98b074",
        "sessionId": "iRF+rg971IiJa7/rpfLrhf",
        "operationId": "",
        "gitType": "live",
        "loggingKey": "7de21aec-b394-417a-b962-f9f0ac56a45b"
    },
    "additionalInfo": {
        "selectedResource": "increm_data_pipeline",
        "selectedResourceType": "pipeline"
    }
}