{
    "name": "source_prep",
    "properties": {
        "activities": [
            {
                "name": "CopyGitData",
                "type": "Copy",
                "dependsOn": [],
                "policy": {
                    "timeout": "0.12:00:00",
                    "retry": 0,
                    "retryIntervalInSeconds": 30,
                    "secureOutput": false,
                    "secureInput": false
                },
                "userProperties": [],
                "typeProperties": {
                    "source": {
                        "type": "DelimitedTextSource",
                        "storeSettings": {
                            "type": "HttpReadSettings",
                            "requestMethod": "GET"
                        },
                        "formatSettings": {
                            "type": "DelimitedTextReadSettings"
                        }
                    },
                    "sink": {
                        "type": "AzureSqlSink",
                        "writeBehavior": "insert",
                        "sqlWriterUseTableLock": false
                    },
                    "enableStaging": false,
                    "translator": {
                        "type": "TabularTranslator",
                        "mappings": [
                            {
                                "source": {
                                    "name": "Branch_ID",
                                    "type": "String",
                                    "physicalType": "String"
                                },
                                "sink": {
                                    "name": "Branch_ID",
                                    "type": "String",
                                    "physicalType": "varchar"
                                }
                            },
                            {
                                "source": {
                                    "name": "Dealer_ID",
                                    "type": "String",
                                    "physicalType": "String"
                                },
                                "sink": {
                                    "name": "Dealer_ID",
                                    "type": "String",
                                    "physicalType": "varchar"
                                }
                            },
                            {
                                "source": {
                                    "name": "Model_ID",
                                    "type": "String",
                                    "physicalType": "String"
                                },
                                "sink": {
                                    "name": "Model_ID",
                                    "type": "String",
                                    "physicalType": "varchar"
                                }
                            },
                            {
                                "source": {
                                    "name": "Revenue",
                                    "type": "String",
                                    "physicalType": "String"
                                },
                                "sink": {
                                    "name": "Revenue",
                                    "type": "Int64",
                                    "physicalType": "bigint"
                                }
                            },
                            {
                                "source": {
                                    "name": "Units_Sold",
                                    "type": "String",
                                    "physicalType": "String"
                                },
                                "sink": {
                                    "name": "Units_sold",
                                    "type": "Int64",
                                    "physicalType": "bigint"
                                }
                            },
                            {
                                "source": {
                                    "name": "Date_ID",
                                    "type": "String",
                                    "physicalType": "String"
                                },
                                "sink": {
                                    "name": "Date_ID",
                                    "type": "String",
                                    "physicalType": "varchar"
                                }
                            },
                            {
                                "source": {
                                    "name": "Day",
                                    "type": "String",
                                    "physicalType": "String"
                                },
                                "sink": {
                                    "name": "Day",
                                    "type": "Int32",
                                    "physicalType": "int"
                                }
                            },
                            {
                                "source": {
                                    "name": "Month",
                                    "type": "String",
                                    "physicalType": "String"
                                },
                                "sink": {
                                    "name": "Month",
                                    "type": "Int32",
                                    "physicalType": "int"
                                }
                            },
                            {
                                "source": {
                                    "name": "Year",
                                    "type": "String",
                                    "physicalType": "String"
                                },
                                "sink": {
                                    "name": "Year",
                                    "type": "Int32",
                                    "physicalType": "int"
                                }
                            },
                            {
                                "source": {
                                    "name": "BranchName",
                                    "type": "String",
                                    "physicalType": "String"
                                },
                                "sink": {
                                    "name": "BranchName",
                                    "type": "String",
                                    "physicalType": "varchar"
                                }
                            },
                            {
                                "source": {
                                    "name": "DealerName",
                                    "type": "String",
                                    "physicalType": "String"
                                },
                                "sink": {
                                    "name": "DealerName",
                                    "type": "String",
                                    "physicalType": "varchar"
                                }
                            }
                        ],
                        "typeConversion": true,
                        "typeConversionSettings": {
                            "allowDataTruncation": true,
                            "treatBooleanAsNumber": false
                        }
                    }
                },
                "inputs": [
                    {
                        "referenceName": "ds_git",
                        "type": "DatasetReference",
                        "parameters": {
                            "load_flag": "SalesData.csv"
                        }
                    }
                ],
                "outputs": [
                    {
                        "referenceName": "AzureSqlTable1",
                        "type": "DatasetReference",
                        "parameters": {
                            "table_name": "source_cars_data"
                        }
                    }
                ]
            }
        ],
        "annotations": []
    }
}