{
    "name": "increm_data_pipeline",
    "properties": {
        "activities": [
            {
                "name": "Copy_Increm_Data",
                "type": "Copy",
                "dependsOn": [
                    {
                        "activity": "Last_Load",
                        "dependencyConditions": [
                            "Succeeded"
                        ]
                    },
                    {
                        "activity": "Current_Load",
                        "dependencyConditions": [
                            "Succeeded"
                        ]
                    }
                ],
                "policy": {
                    "timeout": "0.12:00:00",
                    "retry": 0,
                    "retryIntervalInSeconds": 30,
                    "secureOutput": false,
                    "secureInput": false
                },
                "userProperties": [],
                "typeProperties": {
                    "source": {
                        "type": "AzureSqlSource",
                        "sqlReaderQuery": {
                            "value": "SELECT * FROM source_cars_data WHERE Date_ID > '@{activity('Last_Load').output.value[0].last_load}' AND Date_ID <= '@{activity('Current_Load').output.value[0].max_date}'",
                            "type": "Expression"
                        },
                        "queryTimeout": "02:00:00",
                        "partitionOption": "None"
                    },
                    "sink": {
                        "type": "ParquetSink",
                        "storeSettings": {
                            "type": "AzureBlobFSWriteSettings"
                        },
                        "formatSettings": {
                            "type": "ParquetWriteSettings"
                        }
                    },
                    "enableStaging": false,
                    "translator": {
                        "type": "TabularTranslator",
                        "typeConversion": true,
                        "typeConversionSettings": {
                            "allowDataTruncation": true,
                            "treatBooleanAsNumber": false
                        }
                    }
                },
                "inputs": [
                    {
                        "referenceName": "AzureSqlTable1",
                        "type": "DatasetReference",
                        "parameters": {
                            "table_name": "source_cars_data"
                        }
                    }
                ],
                "outputs": [
                    {
                        "referenceName": "ds_bronze",
                        "type": "DatasetReference"
                    }
                ]
            },
            {
                "name": "Last_Load",
                "type": "Lookup",
                "dependsOn": [],
                "policy": {
                    "timeout": "0.12:00:00",
                    "retry": 0,
                    "retryIntervalInSeconds": 30,
                    "secureOutput": false,
                    "secureInput": false
                },
                "userProperties": [],
                "typeProperties": {
                    "source": {
                        "type": "AzureSqlSource",
                        "sqlReaderQuery": "select * from watermark_table",
                        "queryTimeout": "02:00:00",
                        "partitionOption": "None"
                    },
                    "dataset": {
                        "referenceName": "AzureSqlTable1",
                        "type": "DatasetReference",
                        "parameters": {
                            "table_name": "watermark_table"
                        }
                    },
                    "firstRowOnly": false
                }
            },
            {
                "name": "Current_Load",
                "type": "Lookup",
                "dependsOn": [],
                "policy": {
                    "timeout": "0.12:00:00",
                    "retry": 0,
                    "retryIntervalInSeconds": 30,
                    "secureOutput": false,
                    "secureInput": false
                },
                "userProperties": [],
                "typeProperties": {
                    "source": {
                        "type": "AzureSqlSource",
                        "sqlReaderQuery": "select max(Date_ID) as max_date from source_cars_data;",
                        "queryTimeout": "02:00:00",
                        "partitionOption": "None"
                    },
                    "dataset": {
                        "referenceName": "AzureSqlTable1",
                        "type": "DatasetReference",
                        "parameters": {
                            "table_name": "source_cars_data"
                        }
                    },
                    "firstRowOnly": false
                }
            },
            {
                "name": "WatermarkUpdate",
                "type": "SqlServerStoredProcedure",
                "dependsOn": [
                    {
                        "activity": "Copy_Increm_Data",
                        "dependencyConditions": [
                            "Succeeded"
                        ]
                    }
                ],
                "policy": {
                    "timeout": "0.12:00:00",
                    "retry": 0,
                    "retryIntervalInSeconds": 30,
                    "secureOutput": false,
                    "secureInput": false
                },
                "userProperties": [],
                "typeProperties": {
                    "storedProcedureName": "[dbo].[UpdateWatermarkTable]",
                    "storedProcedureParameters": {
                        "LastLoad": {
                            "value": {
                                "value": "@activity('Current_Load').output.value[0].max_date",
                                "type": "Expression"
                            },
                            "type": "String"
                        }
                    }
                },
                "linkedServiceName": {
                    "referenceName": "ls_sqlDB",
                    "type": "LinkedServiceReference"
                }
            }
        ],
        "annotations": []
    }
}