{
    "now": "2025-07-29T06:53:19.423Z",
    "perfNow": 221149545.9,
    "diagnosticCorrelation": "ea9e5588-ee79-4a92-9005-9b0265d2874e",
    "source": "DownloadSupportFiles",
    "environment": {
        "productName": "adf",
        "buildVersion": "1.0.071425.1",
        "environmentType": 3,
        "resourceName": "adf-cars-srj",
        "resourceRegion": "uksouth",
        "resourceGroup": "RG_Azure_Car_Project",
        "subscriptionId": "109e2f1f-9ff6-4525-b125-d0d7fc98b074",
        "sessionId": "iRF+rg971IiJa7/rpfLrhf",
        "operationId": "",
        "gitType": "live",
        "loggingKey": "7de21aec-b394-417a-b962-f9f0ac56a45b"
    },
    "additionalInfo": {
        "selectedResource": "source_prep",
        "selectedResourceType": "pipeline"
    }
}